{"cameraMode":{"drawMode":0,"name":"Shaded","section":"Shading Mode"},"sceneLighting":true,"audioPlay":false,"sceneViewState":{"m_AlwaysRefresh":false,"showFog":true,"showSkybox":true,"showFlares":true,"showImageEffects":true,"showParticleSystems":true,"showVisualEffectGraphs":true,"m_FxEnabled":true},"in2DMode":false,"pivot":{"x":4.8000030517578129,"y":1.3144999742507935,"z":17.479997634887697},"rotation":{"x":-0.3961358964443207,"y":0.4114235043525696,"z":-0.20500314235687257,"w":-0.7949038147926331},"size":19.512134552001954,"orthographic":false}